{"format":["MWnets"],"info":{"network":["birds BOR_03"],"by":["Dragić, Nikola","Keynan, Oded","Ilany, Amiyaal"],"title":["Multilayer social networks reveal the social complexity of a cooperatively breeding bird"],"url":["https://www.sciencedirect.com/science/article/pii/S2589004221013055"],"creator":["V. Batagelj"],"date":["Wed Jan 11 02:07:23 2023"]},"ways":{"V1":["source"],"V2":["target"],"type":["interaction type"]},"nodes":{"V1":[{"ID":"V1"},{"ID":"V2"},{"ID":"V3"},{"ID":"V4"},{"ID":"V5"},{"ID":"V6"},{"ID":"V7"}],"V2":[{"ID":"V1"},{"ID":"V2"},{"ID":"V3"},{"ID":"V4"},{"ID":"V5"},{"ID":"V6"},{"ID":"V7"}],"type":[{"ID":"aggression"},{"ID":"allofeeding"},{"ID":"allopreening"},{"ID":"group_foraging"},{"ID":"playing"},{"ID":"scrounging"}]},"links":[{"V1":1,"V2":2,"type":1,"w":1,"_row":"V2"},{"V1":1,"V2":6,"type":1,"w":1,"_row":"V6"},{"V1":3,"V2":5,"type":1,"w":1,"_row":"V5"},{"V1":3,"V2":6,"type":1,"w":1,"_row":"V61"},{"V1":5,"V2":4,"type":1,"w":1,"_row":"V4"},{"V1":5,"V2":6,"type":1,"w":2,"_row":"V62"},{"V1":5,"V2":7,"type":1,"w":1,"_row":"V7"},{"V1":6,"V2":7,"type":1,"w":5,"_row":"V71"},{"V1":1,"V2":2,"type":2,"w":2,"_row":"V21"},{"V1":1,"V2":4,"type":2,"w":1,"_row":"V41"},{"V1":2,"V2":6,"type":2,"w":1,"_row":"V63"},{"V1":3,"V2":6,"type":2,"w":1,"_row":"V64"},{"V1":1,"V2":2,"type":3,"w":20,"_row":"V22"},{"V1":1,"V2":3,"type":3,"w":33,"_row":"V3"},{"V1":1,"V2":4,"type":3,"w":21,"_row":"V42"},{"V1":1,"V2":5,"type":3,"w":24,"_row":"V51"},{"V1":1,"V2":6,"type":3,"w":24,"_row":"V65"},{"V1":1,"V2":7,"type":3,"w":20,"_row":"V72"},{"V1":2,"V2":1,"type":3,"w":20,"_row":"V1"},{"V1":2,"V2":3,"type":3,"w":18,"_row":"V31"},{"V1":2,"V2":4,"type":3,"w":15,"_row":"V43"},{"V1":2,"V2":5,"type":3,"w":18,"_row":"V52"},{"V1":2,"V2":6,"type":3,"w":23,"_row":"V66"},{"V1":2,"V2":7,"type":3,"w":16,"_row":"V73"},{"V1":3,"V2":1,"type":3,"w":33,"_row":"V11"},{"V1":3,"V2":2,"type":3,"w":18,"_row":"V23"},{"V1":3,"V2":4,"type":3,"w":24,"_row":"V44"},{"V1":3,"V2":5,"type":3,"w":21,"_row":"V53"},{"V1":3,"V2":6,"type":3,"w":26,"_row":"V67"},{"V1":3,"V2":7,"type":3,"w":26,"_row":"V74"},{"V1":4,"V2":1,"type":3,"w":21,"_row":"V12"},{"V1":4,"V2":2,"type":3,"w":15,"_row":"V24"},{"V1":4,"V2":3,"type":3,"w":24,"_row":"V32"},{"V1":4,"V2":5,"type":3,"w":16,"_row":"V54"},{"V1":4,"V2":6,"type":3,"w":18,"_row":"V68"},{"V1":4,"V2":7,"type":3,"w":15,"_row":"V75"},{"V1":5,"V2":1,"type":3,"w":24,"_row":"V13"},{"V1":5,"V2":2,"type":3,"w":18,"_row":"V25"},{"V1":5,"V2":3,"type":3,"w":21,"_row":"V33"},{"V1":5,"V2":4,"type":3,"w":16,"_row":"V45"},{"V1":5,"V2":6,"type":3,"w":21,"_row":"V69"},{"V1":5,"V2":7,"type":3,"w":18,"_row":"V76"},{"V1":6,"V2":1,"type":3,"w":24,"_row":"V14"},{"V1":6,"V2":2,"type":3,"w":23,"_row":"V26"},{"V1":6,"V2":3,"type":3,"w":26,"_row":"V34"},{"V1":6,"V2":4,"type":3,"w":18,"_row":"V46"},{"V1":6,"V2":5,"type":3,"w":21,"_row":"V55"},{"V1":6,"V2":7,"type":3,"w":19,"_row":"V77"},{"V1":7,"V2":1,"type":3,"w":20,"_row":"V15"},{"V1":7,"V2":2,"type":3,"w":16,"_row":"V27"},{"V1":7,"V2":3,"type":3,"w":26,"_row":"V35"},{"V1":7,"V2":4,"type":3,"w":15,"_row":"V47"},{"V1":7,"V2":5,"type":3,"w":18,"_row":"V56"},{"V1":7,"V2":6,"type":3,"w":19,"_row":"V610"},{"V1":1,"V2":2,"type":4,"w":32,"_row":"V28"},{"V1":1,"V2":3,"type":4,"w":32,"_row":"V36"},{"V1":1,"V2":4,"type":4,"w":26,"_row":"V48"},{"V1":1,"V2":5,"type":4,"w":31,"_row":"V57"},{"V1":1,"V2":6,"type":4,"w":32,"_row":"V611"},{"V1":1,"V2":7,"type":4,"w":31,"_row":"V78"},{"V1":2,"V2":1,"type":4,"w":32,"_row":"V16"},{"V1":2,"V2":3,"type":4,"w":45,"_row":"V37"},{"V1":2,"V2":4,"type":4,"w":35,"_row":"V49"},{"V1":2,"V2":5,"type":4,"w":40,"_row":"V58"},{"V1":2,"V2":6,"type":4,"w":38,"_row":"V612"},{"V1":2,"V2":7,"type":4,"w":36,"_row":"V79"},{"V1":3,"V2":1,"type":4,"w":32,"_row":"V17"},{"V1":3,"V2":2,"type":4,"w":45,"_row":"V29"},{"V1":3,"V2":4,"type":4,"w":48,"_row":"V410"},{"V1":3,"V2":5,"type":4,"w":62,"_row":"V59"},{"V1":3,"V2":6,"type":4,"w":61,"_row":"V613"},{"V1":3,"V2":7,"type":4,"w":56,"_row":"V710"},{"V1":4,"V2":1,"type":4,"w":26,"_row":"V18"},{"V1":4,"V2":2,"type":4,"w":35,"_row":"V210"},{"V1":4,"V2":3,"type":4,"w":48,"_row":"V38"},{"V1":4,"V2":5,"type":4,"w":55,"_row":"V510"},{"V1":4,"V2":6,"type":4,"w":63,"_row":"V614"},{"V1":4,"V2":7,"type":4,"w":58,"_row":"V711"},{"V1":5,"V2":1,"type":4,"w":31,"_row":"V19"},{"V1":5,"V2":2,"type":4,"w":40,"_row":"V211"},{"V1":5,"V2":3,"type":4,"w":62,"_row":"V39"},{"V1":5,"V2":4,"type":4,"w":55,"_row":"V411"},{"V1":5,"V2":6,"type":4,"w":60,"_row":"V615"},{"V1":5,"V2":7,"type":4,"w":55,"_row":"V712"},{"V1":6,"V2":1,"type":4,"w":32,"_row":"V110"},{"V1":6,"V2":2,"type":4,"w":38,"_row":"V212"},{"V1":6,"V2":3,"type":4,"w":61,"_row":"V310"},{"V1":6,"V2":4,"type":4,"w":63,"_row":"V412"},{"V1":6,"V2":5,"type":4,"w":60,"_row":"V511"},{"V1":6,"V2":7,"type":4,"w":67,"_row":"V713"},{"V1":7,"V2":1,"type":4,"w":31,"_row":"V111"},{"V1":7,"V2":2,"type":4,"w":36,"_row":"V213"},{"V1":7,"V2":3,"type":4,"w":56,"_row":"V311"},{"V1":7,"V2":4,"type":4,"w":58,"_row":"V413"},{"V1":7,"V2":5,"type":4,"w":55,"_row":"V512"},{"V1":7,"V2":6,"type":4,"w":67,"_row":"V616"},{"V1":1,"V2":3,"type":5,"w":2,"_row":"V312"},{"V1":1,"V2":4,"type":5,"w":1,"_row":"V414"},{"V1":1,"V2":5,"type":5,"w":1,"_row":"V513"},{"V1":1,"V2":6,"type":5,"w":2,"_row":"V617"},{"V1":1,"V2":7,"type":5,"w":1,"_row":"V714"},{"V1":3,"V2":1,"type":5,"w":2,"_row":"V112"},{"V1":3,"V2":4,"type":5,"w":4,"_row":"V415"},{"V1":3,"V2":5,"type":5,"w":6,"_row":"V514"},{"V1":3,"V2":6,"type":5,"w":6,"_row":"V618"},{"V1":3,"V2":7,"type":5,"w":5,"_row":"V715"},{"V1":4,"V2":1,"type":5,"w":1,"_row":"V113"},{"V1":4,"V2":3,"type":5,"w":4,"_row":"V313"},{"V1":4,"V2":5,"type":5,"w":4,"_row":"V515"},{"V1":4,"V2":6,"type":5,"w":5,"_row":"V619"},{"V1":4,"V2":7,"type":5,"w":4,"_row":"V716"},{"V1":5,"V2":1,"type":5,"w":1,"_row":"V114"},{"V1":5,"V2":3,"type":5,"w":6,"_row":"V314"},{"V1":5,"V2":4,"type":5,"w":4,"_row":"V416"},{"V1":5,"V2":6,"type":5,"w":3,"_row":"V620"},{"V1":5,"V2":7,"type":5,"w":7,"_row":"V717"},{"V1":6,"V2":1,"type":5,"w":2,"_row":"V115"},{"V1":6,"V2":3,"type":5,"w":6,"_row":"V315"},{"V1":6,"V2":4,"type":5,"w":5,"_row":"V417"},{"V1":6,"V2":5,"type":5,"w":3,"_row":"V516"},{"V1":6,"V2":7,"type":5,"w":4,"_row":"V718"},{"V1":7,"V2":1,"type":5,"w":1,"_row":"V116"},{"V1":7,"V2":3,"type":5,"w":5,"_row":"V316"},{"V1":7,"V2":4,"type":5,"w":4,"_row":"V418"},{"V1":7,"V2":5,"type":5,"w":7,"_row":"V517"},{"V1":7,"V2":6,"type":5,"w":4,"_row":"V621"},{"V1":1,"V2":2,"type":6,"w":1,"_row":"V214"},{"V1":2,"V2":5,"type":6,"w":1,"_row":"V518"},{"V1":3,"V2":1,"type":6,"w":3,"_row":"V117"},{"V1":3,"V2":4,"type":6,"w":1,"_row":"V419"},{"V1":3,"V2":5,"type":6,"w":2,"_row":"V519"},{"V1":3,"V2":7,"type":6,"w":2,"_row":"V719"},{"V1":4,"V2":1,"type":6,"w":1,"_row":"V118"},{"V1":4,"V2":3,"type":6,"w":1,"_row":"V317"},{"V1":4,"V2":6,"type":6,"w":2,"_row":"V622"},{"V1":4,"V2":7,"type":6,"w":2,"_row":"V720"},{"V1":5,"V2":1,"type":6,"w":1,"_row":"V119"},{"V1":5,"V2":3,"type":6,"w":4,"_row":"V318"},{"V1":5,"V2":4,"type":6,"w":2,"_row":"V420"},{"V1":5,"V2":6,"type":6,"w":3,"_row":"V623"},{"V1":5,"V2":7,"type":6,"w":1,"_row":"V721"},{"V1":6,"V2":1,"type":6,"w":1,"_row":"V120"},{"V1":6,"V2":2,"type":6,"w":2,"_row":"V215"},{"V1":6,"V2":3,"type":6,"w":3,"_row":"V319"},{"V1":6,"V2":5,"type":6,"w":3,"_row":"V520"},{"V1":6,"V2":7,"type":6,"w":6,"_row":"V722"},{"V1":7,"V2":2,"type":6,"w":2,"_row":"V216"},{"V1":7,"V2":3,"type":6,"w":2,"_row":"V320"},{"V1":7,"V2":6,"type":6,"w":2,"_row":"V624"}],"data":[]}
