{"format":["MWnets"],"info":{"network":["birds NIS_02"],"by":["Dragić, Nikola","Keynan, Oded","Ilany, Amiyaal"],"title":["Multilayer social networks reveal the social complexity of a cooperatively breeding bird"],"url":["https://www.sciencedirect.com/science/article/pii/S2589004221013055"],"creator":["V. Batagelj"],"date":["Wed Jan 11 02:07:23 2023"]},"ways":{"V1":["source"],"V2":["target"],"type":["interaction type"]},"nodes":{"V1":[{"ID":"V1"},{"ID":"V2"},{"ID":"V3"},{"ID":"V4"},{"ID":"V5"},{"ID":"V6"},{"ID":"V7"},{"ID":"V8"},{"ID":"V9"},{"ID":"V10"},{"ID":"V11"}],"V2":[{"ID":"V1"},{"ID":"V2"},{"ID":"V3"},{"ID":"V4"},{"ID":"V5"},{"ID":"V6"},{"ID":"V7"},{"ID":"V8"},{"ID":"V9"},{"ID":"V10"},{"ID":"V11"}],"type":[{"ID":"aggression"},{"ID":"allofeeding"},{"ID":"allopreening"},{"ID":"group_foraging"},{"ID":"playing"},{"ID":"scrounging"}]},"links":[{"V1":1,"V2":4,"type":1,"w":8,"_row":"V4"},{"V1":1,"V2":6,"type":1,"w":1,"_row":"V6"},{"V1":1,"V2":7,"type":1,"w":8,"_row":"V7"},{"V1":1,"V2":8,"type":1,"w":5,"_row":"V8"},{"V1":1,"V2":9,"type":1,"w":2,"_row":"V9"},{"V1":1,"V2":10,"type":1,"w":1,"_row":"V10"},{"V1":3,"V2":4,"type":1,"w":1,"_row":"V41"},{"V1":3,"V2":5,"type":1,"w":1,"_row":"V5"},{"V1":3,"V2":7,"type":1,"w":4,"_row":"V71"},{"V1":3,"V2":11,"type":1,"w":1,"_row":"V11"},{"V1":4,"V2":7,"type":1,"w":1,"_row":"V72"},{"V1":5,"V2":6,"type":1,"w":2,"_row":"V61"},{"V1":5,"V2":7,"type":1,"w":1,"_row":"V73"},{"V1":5,"V2":9,"type":1,"w":3,"_row":"V91"},{"V1":5,"V2":11,"type":1,"w":1,"_row":"V111"},{"V1":6,"V2":7,"type":1,"w":1,"_row":"V74"},{"V1":7,"V2":8,"type":1,"w":3,"_row":"V81"},{"V1":7,"V2":9,"type":1,"w":1,"_row":"V92"},{"V1":7,"V2":10,"type":1,"w":5,"_row":"V101"},{"V1":7,"V2":11,"type":1,"w":2,"_row":"V112"},{"V1":8,"V2":9,"type":1,"w":3,"_row":"V93"},{"V1":8,"V2":10,"type":1,"w":1,"_row":"V102"},{"V1":8,"V2":11,"type":1,"w":1,"_row":"V113"},{"V1":9,"V2":10,"type":1,"w":2,"_row":"V103"},{"V1":9,"V2":11,"type":1,"w":1,"_row":"V114"},{"V1":10,"V2":11,"type":1,"w":3,"_row":"V115"},{"V1":1,"V2":11,"type":2,"w":1,"_row":"V116"},{"V1":2,"V2":10,"type":2,"w":1,"_row":"V104"},{"V1":3,"V2":4,"type":2,"w":1,"_row":"V42"},{"V1":3,"V2":7,"type":2,"w":1,"_row":"V75"},{"V1":3,"V2":11,"type":2,"w":1,"_row":"V117"},{"V1":4,"V2":10,"type":2,"w":1,"_row":"V105"},{"V1":5,"V2":6,"type":2,"w":2,"_row":"V62"},{"V1":5,"V2":9,"type":2,"w":1,"_row":"V94"},{"V1":6,"V2":9,"type":2,"w":1,"_row":"V95"},{"V1":6,"V2":10,"type":2,"w":4,"_row":"V106"},{"V1":7,"V2":9,"type":2,"w":1,"_row":"V96"},{"V1":8,"V2":9,"type":2,"w":1,"_row":"V97"},{"V1":9,"V2":10,"type":2,"w":1,"_row":"V107"},{"V1":10,"V2":11,"type":2,"w":2,"_row":"V118"},{"V1":1,"V2":2,"type":3,"w":5,"_row":"V2"},{"V1":1,"V2":3,"type":3,"w":9,"_row":"V3"},{"V1":1,"V2":4,"type":3,"w":16,"_row":"V43"},{"V1":1,"V2":5,"type":3,"w":7,"_row":"V51"},{"V1":1,"V2":6,"type":3,"w":3,"_row":"V63"},{"V1":1,"V2":7,"type":3,"w":5,"_row":"V76"},{"V1":1,"V2":8,"type":3,"w":3,"_row":"V82"},{"V1":1,"V2":9,"type":3,"w":1,"_row":"V98"},{"V1":1,"V2":10,"type":3,"w":3,"_row":"V108"},{"V1":1,"V2":11,"type":3,"w":2,"_row":"V119"},{"V1":2,"V2":1,"type":3,"w":5,"_row":"V1"},{"V1":2,"V2":3,"type":3,"w":4,"_row":"V31"},{"V1":2,"V2":4,"type":3,"w":11,"_row":"V44"},{"V1":2,"V2":5,"type":3,"w":8,"_row":"V52"},{"V1":2,"V2":6,"type":3,"w":5,"_row":"V64"},{"V1":2,"V2":7,"type":3,"w":5,"_row":"V77"},{"V1":2,"V2":8,"type":3,"w":9,"_row":"V83"},{"V1":2,"V2":9,"type":3,"w":3,"_row":"V99"},{"V1":2,"V2":10,"type":3,"w":6,"_row":"V109"},{"V1":2,"V2":11,"type":3,"w":3,"_row":"V1110"},{"V1":3,"V2":1,"type":3,"w":9,"_row":"V12"},{"V1":3,"V2":2,"type":3,"w":4,"_row":"V21"},{"V1":3,"V2":4,"type":3,"w":16,"_row":"V45"},{"V1":3,"V2":5,"type":3,"w":11,"_row":"V53"},{"V1":3,"V2":6,"type":3,"w":3,"_row":"V65"},{"V1":3,"V2":7,"type":3,"w":9,"_row":"V78"},{"V1":3,"V2":8,"type":3,"w":7,"_row":"V84"},{"V1":3,"V2":9,"type":3,"w":6,"_row":"V910"},{"V1":3,"V2":10,"type":3,"w":5,"_row":"V1010"},{"V1":3,"V2":11,"type":3,"w":3,"_row":"V1111"},{"V1":4,"V2":1,"type":3,"w":16,"_row":"V13"},{"V1":4,"V2":2,"type":3,"w":11,"_row":"V22"},{"V1":4,"V2":3,"type":3,"w":16,"_row":"V32"},{"V1":4,"V2":5,"type":3,"w":21,"_row":"V54"},{"V1":4,"V2":6,"type":3,"w":6,"_row":"V66"},{"V1":4,"V2":7,"type":3,"w":7,"_row":"V79"},{"V1":4,"V2":8,"type":3,"w":8,"_row":"V85"},{"V1":4,"V2":9,"type":3,"w":4,"_row":"V911"},{"V1":4,"V2":10,"type":3,"w":4,"_row":"V1011"},{"V1":4,"V2":11,"type":3,"w":2,"_row":"V1112"},{"V1":5,"V2":1,"type":3,"w":7,"_row":"V14"},{"V1":5,"V2":2,"type":3,"w":8,"_row":"V23"},{"V1":5,"V2":3,"type":3,"w":11,"_row":"V33"},{"V1":5,"V2":4,"type":3,"w":21,"_row":"V46"},{"V1":5,"V2":6,"type":3,"w":13,"_row":"V67"},{"V1":5,"V2":7,"type":3,"w":16,"_row":"V710"},{"V1":5,"V2":8,"type":3,"w":11,"_row":"V86"},{"V1":5,"V2":9,"type":3,"w":13,"_row":"V912"},{"V1":5,"V2":10,"type":3,"w":7,"_row":"V1012"},{"V1":5,"V2":11,"type":3,"w":4,"_row":"V1113"},{"V1":6,"V2":1,"type":3,"w":3,"_row":"V15"},{"V1":6,"V2":2,"type":3,"w":5,"_row":"V24"},{"V1":6,"V2":3,"type":3,"w":3,"_row":"V34"},{"V1":6,"V2":4,"type":3,"w":6,"_row":"V47"},{"V1":6,"V2":5,"type":3,"w":13,"_row":"V55"},{"V1":6,"V2":7,"type":3,"w":15,"_row":"V711"},{"V1":6,"V2":8,"type":3,"w":11,"_row":"V87"},{"V1":6,"V2":9,"type":3,"w":6,"_row":"V913"},{"V1":6,"V2":10,"type":3,"w":5,"_row":"V1013"},{"V1":6,"V2":11,"type":3,"w":7,"_row":"V1114"},{"V1":7,"V2":1,"type":3,"w":5,"_row":"V16"},{"V1":7,"V2":2,"type":3,"w":5,"_row":"V25"},{"V1":7,"V2":3,"type":3,"w":9,"_row":"V35"},{"V1":7,"V2":4,"type":3,"w":7,"_row":"V48"},{"V1":7,"V2":5,"type":3,"w":16,"_row":"V56"},{"V1":7,"V2":6,"type":3,"w":15,"_row":"V68"},{"V1":7,"V2":8,"type":3,"w":14,"_row":"V88"},{"V1":7,"V2":9,"type":3,"w":7,"_row":"V914"},{"V1":7,"V2":10,"type":3,"w":6,"_row":"V1014"},{"V1":7,"V2":11,"type":3,"w":5,"_row":"V1115"},{"V1":8,"V2":1,"type":3,"w":3,"_row":"V17"},{"V1":8,"V2":2,"type":3,"w":9,"_row":"V26"},{"V1":8,"V2":3,"type":3,"w":7,"_row":"V36"},{"V1":8,"V2":4,"type":3,"w":8,"_row":"V49"},{"V1":8,"V2":5,"type":3,"w":11,"_row":"V57"},{"V1":8,"V2":6,"type":3,"w":11,"_row":"V69"},{"V1":8,"V2":7,"type":3,"w":14,"_row":"V712"},{"V1":8,"V2":9,"type":3,"w":8,"_row":"V915"},{"V1":8,"V2":10,"type":3,"w":9,"_row":"V1015"},{"V1":8,"V2":11,"type":3,"w":2,"_row":"V1116"},{"V1":9,"V2":1,"type":3,"w":1,"_row":"V18"},{"V1":9,"V2":2,"type":3,"w":3,"_row":"V27"},{"V1":9,"V2":3,"type":3,"w":6,"_row":"V37"},{"V1":9,"V2":4,"type":3,"w":4,"_row":"V410"},{"V1":9,"V2":5,"type":3,"w":13,"_row":"V58"},{"V1":9,"V2":6,"type":3,"w":6,"_row":"V610"},{"V1":9,"V2":7,"type":3,"w":7,"_row":"V713"},{"V1":9,"V2":8,"type":3,"w":8,"_row":"V89"},{"V1":9,"V2":10,"type":3,"w":5,"_row":"V1016"},{"V1":9,"V2":11,"type":3,"w":2,"_row":"V1117"},{"V1":10,"V2":1,"type":3,"w":3,"_row":"V19"},{"V1":10,"V2":2,"type":3,"w":6,"_row":"V28"},{"V1":10,"V2":3,"type":3,"w":5,"_row":"V38"},{"V1":10,"V2":4,"type":3,"w":4,"_row":"V411"},{"V1":10,"V2":5,"type":3,"w":7,"_row":"V59"},{"V1":10,"V2":6,"type":3,"w":5,"_row":"V611"},{"V1":10,"V2":7,"type":3,"w":6,"_row":"V714"},{"V1":10,"V2":8,"type":3,"w":9,"_row":"V810"},{"V1":10,"V2":9,"type":3,"w":5,"_row":"V916"},{"V1":10,"V2":11,"type":3,"w":3,"_row":"V1118"},{"V1":11,"V2":1,"type":3,"w":2,"_row":"V110"},{"V1":11,"V2":2,"type":3,"w":3,"_row":"V29"},{"V1":11,"V2":3,"type":3,"w":3,"_row":"V39"},{"V1":11,"V2":4,"type":3,"w":2,"_row":"V412"},{"V1":11,"V2":5,"type":3,"w":4,"_row":"V510"},{"V1":11,"V2":6,"type":3,"w":7,"_row":"V612"},{"V1":11,"V2":7,"type":3,"w":5,"_row":"V715"},{"V1":11,"V2":8,"type":3,"w":2,"_row":"V811"},{"V1":11,"V2":9,"type":3,"w":2,"_row":"V917"},{"V1":11,"V2":10,"type":3,"w":3,"_row":"V1017"},{"V1":1,"V2":2,"type":4,"w":19,"_row":"V210"},{"V1":1,"V2":3,"type":4,"w":17,"_row":"V310"},{"V1":1,"V2":4,"type":4,"w":23,"_row":"V413"},{"V1":1,"V2":5,"type":4,"w":25,"_row":"V511"},{"V1":1,"V2":6,"type":4,"w":13,"_row":"V613"},{"V1":1,"V2":7,"type":4,"w":25,"_row":"V716"},{"V1":1,"V2":8,"type":4,"w":27,"_row":"V812"},{"V1":1,"V2":9,"type":4,"w":27,"_row":"V918"},{"V1":1,"V2":10,"type":4,"w":16,"_row":"V1018"},{"V1":1,"V2":11,"type":4,"w":20,"_row":"V1119"},{"V1":2,"V2":1,"type":4,"w":19,"_row":"V120"},{"V1":2,"V2":3,"type":4,"w":18,"_row":"V311"},{"V1":2,"V2":4,"type":4,"w":23,"_row":"V414"},{"V1":2,"V2":5,"type":4,"w":16,"_row":"V512"},{"V1":2,"V2":6,"type":4,"w":9,"_row":"V614"},{"V1":2,"V2":7,"type":4,"w":16,"_row":"V717"},{"V1":2,"V2":8,"type":4,"w":20,"_row":"V813"},{"V1":2,"V2":9,"type":4,"w":23,"_row":"V919"},{"V1":2,"V2":10,"type":4,"w":17,"_row":"V1019"},{"V1":2,"V2":11,"type":4,"w":32,"_row":"V1120"},{"V1":3,"V2":1,"type":4,"w":17,"_row":"V121"},{"V1":3,"V2":2,"type":4,"w":18,"_row":"V211"},{"V1":3,"V2":4,"type":4,"w":19,"_row":"V415"},{"V1":3,"V2":5,"type":4,"w":22,"_row":"V513"},{"V1":3,"V2":6,"type":4,"w":13,"_row":"V615"},{"V1":3,"V2":7,"type":4,"w":26,"_row":"V718"},{"V1":3,"V2":8,"type":4,"w":27,"_row":"V814"},{"V1":3,"V2":9,"type":4,"w":22,"_row":"V920"},{"V1":3,"V2":10,"type":4,"w":27,"_row":"V1020"},{"V1":3,"V2":11,"type":4,"w":21,"_row":"V1121"},{"V1":4,"V2":1,"type":4,"w":23,"_row":"V122"},{"V1":4,"V2":2,"type":4,"w":23,"_row":"V212"},{"V1":4,"V2":3,"type":4,"w":19,"_row":"V312"},{"V1":4,"V2":5,"type":4,"w":27,"_row":"V514"},{"V1":4,"V2":6,"type":4,"w":22,"_row":"V616"},{"V1":4,"V2":7,"type":4,"w":28,"_row":"V719"},{"V1":4,"V2":8,"type":4,"w":37,"_row":"V815"},{"V1":4,"V2":9,"type":4,"w":27,"_row":"V921"},{"V1":4,"V2":10,"type":4,"w":22,"_row":"V1021"},{"V1":4,"V2":11,"type":4,"w":24,"_row":"V1122"},{"V1":5,"V2":1,"type":4,"w":25,"_row":"V123"},{"V1":5,"V2":2,"type":4,"w":16,"_row":"V213"},{"V1":5,"V2":3,"type":4,"w":22,"_row":"V313"},{"V1":5,"V2":4,"type":4,"w":27,"_row":"V416"},{"V1":5,"V2":6,"type":4,"w":29,"_row":"V617"},{"V1":5,"V2":7,"type":4,"w":39,"_row":"V720"},{"V1":5,"V2":8,"type":4,"w":37,"_row":"V816"},{"V1":5,"V2":9,"type":4,"w":34,"_row":"V922"},{"V1":5,"V2":10,"type":4,"w":26,"_row":"V1022"},{"V1":5,"V2":11,"type":4,"w":24,"_row":"V1123"},{"V1":6,"V2":1,"type":4,"w":13,"_row":"V124"},{"V1":6,"V2":2,"type":4,"w":9,"_row":"V214"},{"V1":6,"V2":3,"type":4,"w":13,"_row":"V314"},{"V1":6,"V2":4,"type":4,"w":22,"_row":"V417"},{"V1":6,"V2":5,"type":4,"w":29,"_row":"V515"},{"V1":6,"V2":7,"type":4,"w":30,"_row":"V721"},{"V1":6,"V2":8,"type":4,"w":35,"_row":"V817"},{"V1":6,"V2":9,"type":4,"w":29,"_row":"V923"},{"V1":6,"V2":10,"type":4,"w":22,"_row":"V1023"},{"V1":6,"V2":11,"type":4,"w":30,"_row":"V1124"},{"V1":7,"V2":1,"type":4,"w":25,"_row":"V125"},{"V1":7,"V2":2,"type":4,"w":16,"_row":"V215"},{"V1":7,"V2":3,"type":4,"w":26,"_row":"V315"},{"V1":7,"V2":4,"type":4,"w":28,"_row":"V418"},{"V1":7,"V2":5,"type":4,"w":39,"_row":"V516"},{"V1":7,"V2":6,"type":4,"w":30,"_row":"V618"},{"V1":7,"V2":8,"type":4,"w":54,"_row":"V818"},{"V1":7,"V2":9,"type":4,"w":39,"_row":"V924"},{"V1":7,"V2":10,"type":4,"w":33,"_row":"V1024"},{"V1":7,"V2":11,"type":4,"w":31,"_row":"V1125"},{"V1":8,"V2":1,"type":4,"w":27,"_row":"V126"},{"V1":8,"V2":2,"type":4,"w":20,"_row":"V216"},{"V1":8,"V2":3,"type":4,"w":27,"_row":"V316"},{"V1":8,"V2":4,"type":4,"w":37,"_row":"V419"},{"V1":8,"V2":5,"type":4,"w":37,"_row":"V517"},{"V1":8,"V2":6,"type":4,"w":35,"_row":"V619"},{"V1":8,"V2":7,"type":4,"w":54,"_row":"V722"},{"V1":8,"V2":9,"type":4,"w":39,"_row":"V925"},{"V1":8,"V2":10,"type":4,"w":30,"_row":"V1025"},{"V1":8,"V2":11,"type":4,"w":43,"_row":"V1126"},{"V1":9,"V2":1,"type":4,"w":27,"_row":"V127"},{"V1":9,"V2":2,"type":4,"w":23,"_row":"V217"},{"V1":9,"V2":3,"type":4,"w":22,"_row":"V317"},{"V1":9,"V2":4,"type":4,"w":27,"_row":"V420"},{"V1":9,"V2":5,"type":4,"w":34,"_row":"V518"},{"V1":9,"V2":6,"type":4,"w":29,"_row":"V620"},{"V1":9,"V2":7,"type":4,"w":39,"_row":"V723"},{"V1":9,"V2":8,"type":4,"w":39,"_row":"V819"},{"V1":9,"V2":10,"type":4,"w":39,"_row":"V1026"},{"V1":9,"V2":11,"type":4,"w":44,"_row":"V1127"},{"V1":10,"V2":1,"type":4,"w":16,"_row":"V128"},{"V1":10,"V2":2,"type":4,"w":17,"_row":"V218"},{"V1":10,"V2":3,"type":4,"w":27,"_row":"V318"},{"V1":10,"V2":4,"type":4,"w":22,"_row":"V421"},{"V1":10,"V2":5,"type":4,"w":26,"_row":"V519"},{"V1":10,"V2":6,"type":4,"w":22,"_row":"V621"},{"V1":10,"V2":7,"type":4,"w":33,"_row":"V724"},{"V1":10,"V2":8,"type":4,"w":30,"_row":"V820"},{"V1":10,"V2":9,"type":4,"w":39,"_row":"V926"},{"V1":10,"V2":11,"type":4,"w":46,"_row":"V1128"},{"V1":11,"V2":1,"type":4,"w":20,"_row":"V129"},{"V1":11,"V2":2,"type":4,"w":32,"_row":"V219"},{"V1":11,"V2":3,"type":4,"w":21,"_row":"V319"},{"V1":11,"V2":4,"type":4,"w":24,"_row":"V422"},{"V1":11,"V2":5,"type":4,"w":24,"_row":"V520"},{"V1":11,"V2":6,"type":4,"w":30,"_row":"V622"},{"V1":11,"V2":7,"type":4,"w":31,"_row":"V725"},{"V1":11,"V2":8,"type":4,"w":43,"_row":"V821"},{"V1":11,"V2":9,"type":4,"w":44,"_row":"V927"},{"V1":11,"V2":10,"type":4,"w":46,"_row":"V1027"},{"V1":3,"V2":4,"type":5,"w":2,"_row":"V423"},{"V1":3,"V2":5,"type":5,"w":2,"_row":"V521"},{"V1":3,"V2":6,"type":5,"w":4,"_row":"V623"},{"V1":3,"V2":7,"type":5,"w":3,"_row":"V726"},{"V1":3,"V2":8,"type":5,"w":5,"_row":"V822"},{"V1":3,"V2":9,"type":5,"w":3,"_row":"V928"},{"V1":3,"V2":10,"type":5,"w":4,"_row":"V1028"},{"V1":3,"V2":11,"type":5,"w":3,"_row":"V1129"},{"V1":4,"V2":3,"type":5,"w":2,"_row":"V320"},{"V1":4,"V2":5,"type":5,"w":2,"_row":"V522"},{"V1":4,"V2":6,"type":5,"w":3,"_row":"V624"},{"V1":4,"V2":7,"type":5,"w":9,"_row":"V727"},{"V1":4,"V2":8,"type":5,"w":8,"_row":"V823"},{"V1":4,"V2":9,"type":5,"w":3,"_row":"V929"},{"V1":4,"V2":10,"type":5,"w":3,"_row":"V1029"},{"V1":4,"V2":11,"type":5,"w":3,"_row":"V1130"},{"V1":5,"V2":3,"type":5,"w":2,"_row":"V321"},{"V1":5,"V2":4,"type":5,"w":2,"_row":"V424"},{"V1":5,"V2":6,"type":5,"w":6,"_row":"V625"},{"V1":5,"V2":7,"type":5,"w":7,"_row":"V728"},{"V1":5,"V2":8,"type":5,"w":7,"_row":"V824"},{"V1":5,"V2":9,"type":5,"w":7,"_row":"V930"},{"V1":5,"V2":10,"type":5,"w":7,"_row":"V1030"},{"V1":5,"V2":11,"type":5,"w":6,"_row":"V1131"},{"V1":6,"V2":3,"type":5,"w":4,"_row":"V322"},{"V1":6,"V2":4,"type":5,"w":3,"_row":"V425"},{"V1":6,"V2":5,"type":5,"w":6,"_row":"V523"},{"V1":6,"V2":7,"type":5,"w":11,"_row":"V729"},{"V1":6,"V2":8,"type":5,"w":18,"_row":"V825"},{"V1":6,"V2":9,"type":5,"w":15,"_row":"V931"},{"V1":6,"V2":10,"type":5,"w":13,"_row":"V1031"},{"V1":6,"V2":11,"type":5,"w":13,"_row":"V1132"},{"V1":7,"V2":3,"type":5,"w":3,"_row":"V323"},{"V1":7,"V2":4,"type":5,"w":9,"_row":"V426"},{"V1":7,"V2":5,"type":5,"w":7,"_row":"V524"},{"V1":7,"V2":6,"type":5,"w":11,"_row":"V626"},{"V1":7,"V2":8,"type":5,"w":25,"_row":"V826"},{"V1":7,"V2":9,"type":5,"w":12,"_row":"V932"},{"V1":7,"V2":10,"type":5,"w":17,"_row":"V1032"},{"V1":7,"V2":11,"type":5,"w":10,"_row":"V1133"},{"V1":8,"V2":3,"type":5,"w":5,"_row":"V324"},{"V1":8,"V2":4,"type":5,"w":8,"_row":"V427"},{"V1":8,"V2":5,"type":5,"w":7,"_row":"V525"},{"V1":8,"V2":6,"type":5,"w":18,"_row":"V627"},{"V1":8,"V2":7,"type":5,"w":25,"_row":"V730"},{"V1":8,"V2":9,"type":5,"w":19,"_row":"V933"},{"V1":8,"V2":10,"type":5,"w":22,"_row":"V1033"},{"V1":8,"V2":11,"type":5,"w":19,"_row":"V1134"},{"V1":9,"V2":3,"type":5,"w":3,"_row":"V325"},{"V1":9,"V2":4,"type":5,"w":3,"_row":"V428"},{"V1":9,"V2":5,"type":5,"w":7,"_row":"V526"},{"V1":9,"V2":6,"type":5,"w":15,"_row":"V628"},{"V1":9,"V2":7,"type":5,"w":12,"_row":"V731"},{"V1":9,"V2":8,"type":5,"w":19,"_row":"V827"},{"V1":9,"V2":10,"type":5,"w":22,"_row":"V1034"},{"V1":9,"V2":11,"type":5,"w":21,"_row":"V1135"},{"V1":10,"V2":3,"type":5,"w":4,"_row":"V326"},{"V1":10,"V2":4,"type":5,"w":3,"_row":"V429"},{"V1":10,"V2":5,"type":5,"w":7,"_row":"V527"},{"V1":10,"V2":6,"type":5,"w":13,"_row":"V629"},{"V1":10,"V2":7,"type":5,"w":17,"_row":"V732"},{"V1":10,"V2":8,"type":5,"w":22,"_row":"V828"},{"V1":10,"V2":9,"type":5,"w":22,"_row":"V934"},{"V1":10,"V2":11,"type":5,"w":23,"_row":"V1136"},{"V1":11,"V2":3,"type":5,"w":3,"_row":"V327"},{"V1":11,"V2":4,"type":5,"w":3,"_row":"V430"},{"V1":11,"V2":5,"type":5,"w":6,"_row":"V528"},{"V1":11,"V2":6,"type":5,"w":13,"_row":"V630"},{"V1":11,"V2":7,"type":5,"w":10,"_row":"V733"},{"V1":11,"V2":8,"type":5,"w":19,"_row":"V829"},{"V1":11,"V2":9,"type":5,"w":21,"_row":"V935"},{"V1":11,"V2":10,"type":5,"w":23,"_row":"V1035"},{"V1":1,"V2":5,"type":6,"w":2,"_row":"V529"},{"V1":2,"V2":6,"type":6,"w":1,"_row":"V631"},{"V1":3,"V2":2,"type":6,"w":1,"_row":"V220"},{"V1":3,"V2":4,"type":6,"w":4,"_row":"V431"},{"V1":3,"V2":7,"type":6,"w":1,"_row":"V734"},{"V1":4,"V2":1,"type":6,"w":8,"_row":"V130"},{"V1":4,"V2":3,"type":6,"w":1,"_row":"V328"},{"V1":4,"V2":5,"type":6,"w":2,"_row":"V530"},{"V1":4,"V2":8,"type":6,"w":1,"_row":"V830"},{"V1":4,"V2":9,"type":6,"w":1,"_row":"V936"},{"V1":4,"V2":11,"type":6,"w":1,"_row":"V1137"},{"V1":5,"V2":3,"type":6,"w":2,"_row":"V329"},{"V1":5,"V2":7,"type":6,"w":1,"_row":"V735"},{"V1":7,"V2":1,"type":6,"w":8,"_row":"V131"},{"V1":7,"V2":2,"type":6,"w":3,"_row":"V221"},{"V1":7,"V2":3,"type":6,"w":8,"_row":"V330"},{"V1":7,"V2":4,"type":6,"w":5,"_row":"V432"},{"V1":7,"V2":5,"type":6,"w":3,"_row":"V531"},{"V1":7,"V2":6,"type":6,"w":4,"_row":"V632"},{"V1":7,"V2":8,"type":6,"w":5,"_row":"V831"},{"V1":7,"V2":9,"type":6,"w":2,"_row":"V937"},{"V1":7,"V2":10,"type":6,"w":3,"_row":"V1036"},{"V1":8,"V2":1,"type":6,"w":6,"_row":"V132"},{"V1":8,"V2":3,"type":6,"w":4,"_row":"V331"},{"V1":8,"V2":4,"type":6,"w":4,"_row":"V433"},{"V1":8,"V2":5,"type":6,"w":2,"_row":"V532"},{"V1":8,"V2":6,"type":6,"w":2,"_row":"V633"},{"V1":8,"V2":7,"type":6,"w":1,"_row":"V736"},{"V1":8,"V2":9,"type":6,"w":2,"_row":"V938"},{"V1":8,"V2":10,"type":6,"w":1,"_row":"V1037"},{"V1":8,"V2":11,"type":6,"w":1,"_row":"V1138"},{"V1":9,"V2":1,"type":6,"w":3,"_row":"V133"},{"V1":9,"V2":2,"type":6,"w":2,"_row":"V222"},{"V1":9,"V2":3,"type":6,"w":2,"_row":"V332"},{"V1":9,"V2":4,"type":6,"w":7,"_row":"V434"},{"V1":9,"V2":6,"type":6,"w":1,"_row":"V634"},{"V1":9,"V2":8,"type":6,"w":1,"_row":"V832"},{"V1":9,"V2":10,"type":6,"w":1,"_row":"V1038"},{"V1":9,"V2":11,"type":6,"w":1,"_row":"V1139"},{"V1":10,"V2":1,"type":6,"w":1,"_row":"V134"},{"V1":10,"V2":2,"type":6,"w":1,"_row":"V223"},{"V1":10,"V2":3,"type":6,"w":4,"_row":"V333"},{"V1":10,"V2":4,"type":6,"w":1,"_row":"V435"},{"V1":10,"V2":5,"type":6,"w":3,"_row":"V533"},{"V1":10,"V2":6,"type":6,"w":2,"_row":"V635"},{"V1":10,"V2":7,"type":6,"w":1,"_row":"V737"},{"V1":10,"V2":8,"type":6,"w":1,"_row":"V833"},{"V1":10,"V2":11,"type":6,"w":2,"_row":"V1140"},{"V1":11,"V2":2,"type":6,"w":1,"_row":"V224"},{"V1":11,"V2":3,"type":6,"w":2,"_row":"V334"},{"V1":11,"V2":4,"type":6,"w":2,"_row":"V436"},{"V1":11,"V2":5,"type":6,"w":1,"_row":"V534"}],"data":[]}
