{"format":["MWnets"],"info":{"network":["birds NIS_04"],"by":["Dragić, Nikola","Keynan, Oded","Ilany, Amiyaal"],"title":["Multilayer social networks reveal the social complexity of a cooperatively breeding bird"],"url":["https://www.sciencedirect.com/science/article/pii/S2589004221013055"],"creator":["V. Batagelj"],"date":["Wed Jan 11 02:07:23 2023"]},"ways":{"V1":["source"],"V2":["target"],"type":["interaction type"]},"nodes":{"V1":[{"ID":"V1"},{"ID":"V2"},{"ID":"V3"},{"ID":"V4"},{"ID":"V5"},{"ID":"V6"},{"ID":"V7"},{"ID":"V8"},{"ID":"V9"},{"ID":"V10"},{"ID":"V11"},{"ID":"V12"},{"ID":"V13"},{"ID":"V14"},{"ID":"V15"}],"V2":[{"ID":"V1"},{"ID":"V2"},{"ID":"V3"},{"ID":"V4"},{"ID":"V5"},{"ID":"V6"},{"ID":"V7"},{"ID":"V8"},{"ID":"V9"},{"ID":"V10"},{"ID":"V11"},{"ID":"V12"},{"ID":"V13"},{"ID":"V14"},{"ID":"V15"}],"type":[{"ID":"aggression"},{"ID":"allofeeding"},{"ID":"allopreening"},{"ID":"group_foraging"},{"ID":"playing"},{"ID":"scrounging"}]},"links":[{"V1":1,"V2":2,"type":1,"w":1,"_row":"V2"},{"V1":1,"V2":3,"type":1,"w":2,"_row":"V3"},{"V1":1,"V2":4,"type":1,"w":4,"_row":"V4"},{"V1":1,"V2":5,"type":1,"w":4,"_row":"V5"},{"V1":1,"V2":6,"type":1,"w":5,"_row":"V6"},{"V1":1,"V2":7,"type":1,"w":1,"_row":"V7"},{"V1":1,"V2":8,"type":1,"w":1,"_row":"V8"},{"V1":1,"V2":9,"type":1,"w":2,"_row":"V9"},{"V1":1,"V2":10,"type":1,"w":1,"_row":"V10"},{"V1":1,"V2":11,"type":1,"w":6,"_row":"V11"},{"V1":1,"V2":12,"type":1,"w":2,"_row":"V12"},{"V1":1,"V2":13,"type":1,"w":2,"_row":"V13"},{"V1":1,"V2":14,"type":1,"w":16,"_row":"V14"},{"V1":1,"V2":15,"type":1,"w":2,"_row":"V15"},{"V1":2,"V2":1,"type":1,"w":1,"_row":"V1"},{"V1":3,"V2":4,"type":1,"w":2,"_row":"V41"},{"V1":3,"V2":5,"type":1,"w":1,"_row":"V51"},{"V1":3,"V2":6,"type":1,"w":2,"_row":"V61"},{"V1":3,"V2":8,"type":1,"w":1,"_row":"V81"},{"V1":3,"V2":9,"type":1,"w":1,"_row":"V91"},{"V1":3,"V2":11,"type":1,"w":5,"_row":"V111"},{"V1":3,"V2":12,"type":1,"w":3,"_row":"V121"},{"V1":3,"V2":13,"type":1,"w":3,"_row":"V131"},{"V1":3,"V2":14,"type":1,"w":7,"_row":"V141"},{"V1":4,"V2":6,"type":1,"w":1,"_row":"V62"},{"V1":4,"V2":9,"type":1,"w":2,"_row":"V92"},{"V1":4,"V2":11,"type":1,"w":2,"_row":"V112"},{"V1":4,"V2":13,"type":1,"w":1,"_row":"V132"},{"V1":4,"V2":14,"type":1,"w":1,"_row":"V142"},{"V1":4,"V2":15,"type":1,"w":1,"_row":"V151"},{"V1":5,"V2":2,"type":1,"w":1,"_row":"V21"},{"V1":5,"V2":4,"type":1,"w":2,"_row":"V42"},{"V1":5,"V2":6,"type":1,"w":4,"_row":"V63"},{"V1":5,"V2":9,"type":1,"w":1,"_row":"V93"},{"V1":5,"V2":10,"type":1,"w":2,"_row":"V101"},{"V1":5,"V2":11,"type":1,"w":1,"_row":"V113"},{"V1":5,"V2":14,"type":1,"w":9,"_row":"V143"},{"V1":6,"V2":7,"type":1,"w":1,"_row":"V71"},{"V1":6,"V2":9,"type":1,"w":1,"_row":"V94"},{"V1":6,"V2":10,"type":1,"w":1,"_row":"V102"},{"V1":6,"V2":13,"type":1,"w":2,"_row":"V133"},{"V1":6,"V2":14,"type":1,"w":7,"_row":"V144"},{"V1":7,"V2":8,"type":1,"w":1,"_row":"V82"},{"V1":7,"V2":9,"type":1,"w":2,"_row":"V95"},{"V1":7,"V2":10,"type":1,"w":9,"_row":"V103"},{"V1":7,"V2":11,"type":1,"w":6,"_row":"V114"},{"V1":7,"V2":12,"type":1,"w":1,"_row":"V122"},{"V1":7,"V2":13,"type":1,"w":1,"_row":"V134"},{"V1":7,"V2":14,"type":1,"w":8,"_row":"V145"},{"V1":7,"V2":15,"type":1,"w":3,"_row":"V152"},{"V1":8,"V2":7,"type":1,"w":1,"_row":"V72"},{"V1":8,"V2":10,"type":1,"w":1,"_row":"V104"},{"V1":8,"V2":11,"type":1,"w":1,"_row":"V115"},{"V1":8,"V2":12,"type":1,"w":1,"_row":"V123"},{"V1":8,"V2":13,"type":1,"w":1,"_row":"V135"},{"V1":9,"V2":11,"type":1,"w":1,"_row":"V116"},{"V1":10,"V2":15,"type":1,"w":4,"_row":"V153"},{"V1":11,"V2":10,"type":1,"w":1,"_row":"V105"},{"V1":11,"V2":12,"type":1,"w":1,"_row":"V124"},{"V1":11,"V2":14,"type":1,"w":6,"_row":"V146"},{"V1":12,"V2":14,"type":1,"w":8,"_row":"V147"},{"V1":12,"V2":15,"type":1,"w":1,"_row":"V154"},{"V1":13,"V2":15,"type":1,"w":2,"_row":"V155"},{"V1":14,"V2":13,"type":1,"w":3,"_row":"V136"},{"V1":14,"V2":15,"type":1,"w":7,"_row":"V156"},{"V1":1,"V2":5,"type":2,"w":1,"_row":"V52"},{"V1":1,"V2":13,"type":2,"w":1,"_row":"V137"},{"V1":2,"V2":10,"type":2,"w":1,"_row":"V106"},{"V1":4,"V2":9,"type":2,"w":1,"_row":"V96"},{"V1":4,"V2":11,"type":2,"w":1,"_row":"V117"},{"V1":5,"V2":6,"type":2,"w":2,"_row":"V64"},{"V1":5,"V2":9,"type":2,"w":1,"_row":"V97"},{"V1":5,"V2":11,"type":2,"w":1,"_row":"V118"},{"V1":5,"V2":14,"type":2,"w":1,"_row":"V148"},{"V1":6,"V2":8,"type":2,"w":1,"_row":"V83"},{"V1":6,"V2":11,"type":2,"w":1,"_row":"V119"},{"V1":6,"V2":13,"type":2,"w":4,"_row":"V138"},{"V1":6,"V2":14,"type":2,"w":2,"_row":"V149"},{"V1":8,"V2":15,"type":2,"w":1,"_row":"V157"},{"V1":9,"V2":8,"type":2,"w":1,"_row":"V84"},{"V1":9,"V2":14,"type":2,"w":1,"_row":"V1410"},{"V1":14,"V2":13,"type":2,"w":1,"_row":"V139"},{"V1":1,"V2":2,"type":3,"w":9,"_row":"V22"},{"V1":1,"V2":3,"type":3,"w":26,"_row":"V31"},{"V1":1,"V2":4,"type":3,"w":11,"_row":"V43"},{"V1":1,"V2":5,"type":3,"w":9,"_row":"V53"},{"V1":1,"V2":6,"type":3,"w":10,"_row":"V65"},{"V1":1,"V2":7,"type":3,"w":9,"_row":"V73"},{"V1":1,"V2":8,"type":3,"w":9,"_row":"V85"},{"V1":1,"V2":9,"type":3,"w":7,"_row":"V98"},{"V1":1,"V2":10,"type":3,"w":7,"_row":"V107"},{"V1":1,"V2":11,"type":3,"w":6,"_row":"V1110"},{"V1":1,"V2":12,"type":3,"w":10,"_row":"V125"},{"V1":1,"V2":13,"type":3,"w":9,"_row":"V1310"},{"V1":1,"V2":14,"type":3,"w":10,"_row":"V1411"},{"V1":1,"V2":15,"type":3,"w":8,"_row":"V158"},{"V1":2,"V2":1,"type":3,"w":9,"_row":"V16"},{"V1":2,"V2":3,"type":3,"w":16,"_row":"V32"},{"V1":2,"V2":4,"type":3,"w":12,"_row":"V44"},{"V1":2,"V2":5,"type":3,"w":16,"_row":"V54"},{"V1":2,"V2":6,"type":3,"w":13,"_row":"V66"},{"V1":2,"V2":7,"type":3,"w":13,"_row":"V74"},{"V1":2,"V2":8,"type":3,"w":16,"_row":"V86"},{"V1":2,"V2":9,"type":3,"w":11,"_row":"V99"},{"V1":2,"V2":10,"type":3,"w":10,"_row":"V108"},{"V1":2,"V2":11,"type":3,"w":9,"_row":"V1111"},{"V1":2,"V2":12,"type":3,"w":12,"_row":"V126"},{"V1":2,"V2":13,"type":3,"w":6,"_row":"V1311"},{"V1":2,"V2":14,"type":3,"w":8,"_row":"V1412"},{"V1":2,"V2":15,"type":3,"w":11,"_row":"V159"},{"V1":3,"V2":1,"type":3,"w":26,"_row":"V17"},{"V1":3,"V2":2,"type":3,"w":16,"_row":"V23"},{"V1":3,"V2":4,"type":3,"w":22,"_row":"V45"},{"V1":3,"V2":5,"type":3,"w":21,"_row":"V55"},{"V1":3,"V2":6,"type":3,"w":17,"_row":"V67"},{"V1":3,"V2":7,"type":3,"w":24,"_row":"V75"},{"V1":3,"V2":8,"type":3,"w":25,"_row":"V87"},{"V1":3,"V2":9,"type":3,"w":20,"_row":"V910"},{"V1":3,"V2":10,"type":3,"w":12,"_row":"V109"},{"V1":3,"V2":11,"type":3,"w":14,"_row":"V1112"},{"V1":3,"V2":12,"type":3,"w":15,"_row":"V127"},{"V1":3,"V2":13,"type":3,"w":13,"_row":"V1312"},{"V1":3,"V2":14,"type":3,"w":11,"_row":"V1413"},{"V1":3,"V2":15,"type":3,"w":12,"_row":"V1510"},{"V1":4,"V2":1,"type":3,"w":11,"_row":"V18"},{"V1":4,"V2":2,"type":3,"w":12,"_row":"V24"},{"V1":4,"V2":3,"type":3,"w":22,"_row":"V33"},{"V1":4,"V2":5,"type":3,"w":17,"_row":"V56"},{"V1":4,"V2":6,"type":3,"w":17,"_row":"V68"},{"V1":4,"V2":7,"type":3,"w":13,"_row":"V76"},{"V1":4,"V2":8,"type":3,"w":16,"_row":"V88"},{"V1":4,"V2":9,"type":3,"w":13,"_row":"V911"},{"V1":4,"V2":10,"type":3,"w":10,"_row":"V1010"},{"V1":4,"V2":11,"type":3,"w":12,"_row":"V1113"},{"V1":4,"V2":12,"type":3,"w":12,"_row":"V128"},{"V1":4,"V2":13,"type":3,"w":9,"_row":"V1313"},{"V1":4,"V2":14,"type":3,"w":8,"_row":"V1414"},{"V1":4,"V2":15,"type":3,"w":10,"_row":"V1511"},{"V1":5,"V2":1,"type":3,"w":9,"_row":"V19"},{"V1":5,"V2":2,"type":3,"w":16,"_row":"V25"},{"V1":5,"V2":3,"type":3,"w":21,"_row":"V34"},{"V1":5,"V2":4,"type":3,"w":17,"_row":"V46"},{"V1":5,"V2":6,"type":3,"w":14,"_row":"V69"},{"V1":5,"V2":7,"type":3,"w":16,"_row":"V77"},{"V1":5,"V2":8,"type":3,"w":17,"_row":"V89"},{"V1":5,"V2":9,"type":3,"w":16,"_row":"V912"},{"V1":5,"V2":10,"type":3,"w":13,"_row":"V1011"},{"V1":5,"V2":11,"type":3,"w":9,"_row":"V1114"},{"V1":5,"V2":12,"type":3,"w":14,"_row":"V129"},{"V1":5,"V2":13,"type":3,"w":13,"_row":"V1314"},{"V1":5,"V2":14,"type":3,"w":10,"_row":"V1415"},{"V1":5,"V2":15,"type":3,"w":10,"_row":"V1512"},{"V1":6,"V2":1,"type":3,"w":10,"_row":"V110"},{"V1":6,"V2":2,"type":3,"w":13,"_row":"V26"},{"V1":6,"V2":3,"type":3,"w":17,"_row":"V35"},{"V1":6,"V2":4,"type":3,"w":17,"_row":"V47"},{"V1":6,"V2":5,"type":3,"w":14,"_row":"V57"},{"V1":6,"V2":7,"type":3,"w":13,"_row":"V78"},{"V1":6,"V2":8,"type":3,"w":13,"_row":"V810"},{"V1":6,"V2":9,"type":3,"w":20,"_row":"V913"},{"V1":6,"V2":10,"type":3,"w":9,"_row":"V1012"},{"V1":6,"V2":11,"type":3,"w":11,"_row":"V1115"},{"V1":6,"V2":12,"type":3,"w":17,"_row":"V1210"},{"V1":6,"V2":13,"type":3,"w":14,"_row":"V1315"},{"V1":6,"V2":14,"type":3,"w":8,"_row":"V1416"},{"V1":6,"V2":15,"type":3,"w":11,"_row":"V1513"},{"V1":7,"V2":1,"type":3,"w":9,"_row":"V120"},{"V1":7,"V2":2,"type":3,"w":13,"_row":"V27"},{"V1":7,"V2":3,"type":3,"w":24,"_row":"V36"},{"V1":7,"V2":4,"type":3,"w":13,"_row":"V48"},{"V1":7,"V2":5,"type":3,"w":16,"_row":"V58"},{"V1":7,"V2":6,"type":3,"w":13,"_row":"V610"},{"V1":7,"V2":8,"type":3,"w":22,"_row":"V811"},{"V1":7,"V2":9,"type":3,"w":19,"_row":"V914"},{"V1":7,"V2":10,"type":3,"w":13,"_row":"V1013"},{"V1":7,"V2":11,"type":3,"w":13,"_row":"V1116"},{"V1":7,"V2":12,"type":3,"w":14,"_row":"V1211"},{"V1":7,"V2":13,"type":3,"w":12,"_row":"V1316"},{"V1":7,"V2":14,"type":3,"w":8,"_row":"V1417"},{"V1":7,"V2":15,"type":3,"w":10,"_row":"V1514"},{"V1":8,"V2":1,"type":3,"w":9,"_row":"V130"},{"V1":8,"V2":2,"type":3,"w":16,"_row":"V28"},{"V1":8,"V2":3,"type":3,"w":25,"_row":"V37"},{"V1":8,"V2":4,"type":3,"w":16,"_row":"V49"},{"V1":8,"V2":5,"type":3,"w":17,"_row":"V59"},{"V1":8,"V2":6,"type":3,"w":13,"_row":"V611"},{"V1":8,"V2":7,"type":3,"w":22,"_row":"V79"},{"V1":8,"V2":9,"type":3,"w":26,"_row":"V915"},{"V1":8,"V2":10,"type":3,"w":13,"_row":"V1014"},{"V1":8,"V2":11,"type":3,"w":17,"_row":"V1117"},{"V1":8,"V2":12,"type":3,"w":18,"_row":"V1212"},{"V1":8,"V2":13,"type":3,"w":14,"_row":"V1317"},{"V1":8,"V2":14,"type":3,"w":8,"_row":"V1418"},{"V1":8,"V2":15,"type":3,"w":12,"_row":"V1515"},{"V1":9,"V2":1,"type":3,"w":7,"_row":"V140"},{"V1":9,"V2":2,"type":3,"w":11,"_row":"V29"},{"V1":9,"V2":3,"type":3,"w":20,"_row":"V38"},{"V1":9,"V2":4,"type":3,"w":13,"_row":"V410"},{"V1":9,"V2":5,"type":3,"w":16,"_row":"V510"},{"V1":9,"V2":6,"type":3,"w":20,"_row":"V612"},{"V1":9,"V2":7,"type":3,"w":19,"_row":"V710"},{"V1":9,"V2":8,"type":3,"w":26,"_row":"V812"},{"V1":9,"V2":10,"type":3,"w":11,"_row":"V1015"},{"V1":9,"V2":11,"type":3,"w":18,"_row":"V1118"},{"V1":9,"V2":12,"type":3,"w":14,"_row":"V1213"},{"V1":9,"V2":13,"type":3,"w":17,"_row":"V1318"},{"V1":9,"V2":14,"type":3,"w":6,"_row":"V1419"},{"V1":9,"V2":15,"type":3,"w":10,"_row":"V1516"},{"V1":10,"V2":1,"type":3,"w":7,"_row":"V150"},{"V1":10,"V2":2,"type":3,"w":10,"_row":"V210"},{"V1":10,"V2":3,"type":3,"w":12,"_row":"V39"},{"V1":10,"V2":4,"type":3,"w":10,"_row":"V411"},{"V1":10,"V2":5,"type":3,"w":13,"_row":"V511"},{"V1":10,"V2":6,"type":3,"w":9,"_row":"V613"},{"V1":10,"V2":7,"type":3,"w":13,"_row":"V711"},{"V1":10,"V2":8,"type":3,"w":13,"_row":"V813"},{"V1":10,"V2":9,"type":3,"w":11,"_row":"V916"},{"V1":10,"V2":11,"type":3,"w":10,"_row":"V1119"},{"V1":10,"V2":12,"type":3,"w":9,"_row":"V1214"},{"V1":10,"V2":13,"type":3,"w":7,"_row":"V1319"},{"V1":10,"V2":14,"type":3,"w":7,"_row":"V1420"},{"V1":10,"V2":15,"type":3,"w":10,"_row":"V1517"},{"V1":11,"V2":1,"type":3,"w":6,"_row":"V160"},{"V1":11,"V2":2,"type":3,"w":9,"_row":"V211"},{"V1":11,"V2":3,"type":3,"w":14,"_row":"V310"},{"V1":11,"V2":4,"type":3,"w":12,"_row":"V412"},{"V1":11,"V2":5,"type":3,"w":9,"_row":"V512"},{"V1":11,"V2":6,"type":3,"w":11,"_row":"V614"},{"V1":11,"V2":7,"type":3,"w":13,"_row":"V712"},{"V1":11,"V2":8,"type":3,"w":17,"_row":"V814"},{"V1":11,"V2":9,"type":3,"w":18,"_row":"V917"},{"V1":11,"V2":10,"type":3,"w":10,"_row":"V1016"},{"V1":11,"V2":12,"type":3,"w":6,"_row":"V1215"},{"V1":11,"V2":13,"type":3,"w":13,"_row":"V1320"},{"V1":11,"V2":14,"type":3,"w":5,"_row":"V1421"},{"V1":11,"V2":15,"type":3,"w":11,"_row":"V1518"},{"V1":12,"V2":1,"type":3,"w":10,"_row":"V161"},{"V1":12,"V2":2,"type":3,"w":12,"_row":"V212"},{"V1":12,"V2":3,"type":3,"w":15,"_row":"V311"},{"V1":12,"V2":4,"type":3,"w":12,"_row":"V413"},{"V1":12,"V2":5,"type":3,"w":14,"_row":"V513"},{"V1":12,"V2":6,"type":3,"w":17,"_row":"V615"},{"V1":12,"V2":7,"type":3,"w":14,"_row":"V713"},{"V1":12,"V2":8,"type":3,"w":18,"_row":"V815"},{"V1":12,"V2":9,"type":3,"w":14,"_row":"V918"},{"V1":12,"V2":10,"type":3,"w":9,"_row":"V1017"},{"V1":12,"V2":11,"type":3,"w":6,"_row":"V1120"},{"V1":12,"V2":13,"type":3,"w":13,"_row":"V1321"},{"V1":12,"V2":14,"type":3,"w":7,"_row":"V1422"},{"V1":12,"V2":15,"type":3,"w":7,"_row":"V1519"},{"V1":13,"V2":1,"type":3,"w":9,"_row":"V162"},{"V1":13,"V2":2,"type":3,"w":6,"_row":"V213"},{"V1":13,"V2":3,"type":3,"w":13,"_row":"V312"},{"V1":13,"V2":4,"type":3,"w":9,"_row":"V414"},{"V1":13,"V2":5,"type":3,"w":13,"_row":"V514"},{"V1":13,"V2":6,"type":3,"w":14,"_row":"V616"},{"V1":13,"V2":7,"type":3,"w":12,"_row":"V714"},{"V1":13,"V2":8,"type":3,"w":14,"_row":"V816"},{"V1":13,"V2":9,"type":3,"w":17,"_row":"V919"},{"V1":13,"V2":10,"type":3,"w":7,"_row":"V1018"},{"V1":13,"V2":11,"type":3,"w":13,"_row":"V1121"},{"V1":13,"V2":12,"type":3,"w":13,"_row":"V1216"},{"V1":13,"V2":14,"type":3,"w":10,"_row":"V1423"},{"V1":13,"V2":15,"type":3,"w":14,"_row":"V1520"},{"V1":14,"V2":1,"type":3,"w":10,"_row":"V163"},{"V1":14,"V2":2,"type":3,"w":8,"_row":"V214"},{"V1":14,"V2":3,"type":3,"w":11,"_row":"V313"},{"V1":14,"V2":4,"type":3,"w":8,"_row":"V415"},{"V1":14,"V2":5,"type":3,"w":10,"_row":"V515"},{"V1":14,"V2":6,"type":3,"w":8,"_row":"V617"},{"V1":14,"V2":7,"type":3,"w":8,"_row":"V715"},{"V1":14,"V2":8,"type":3,"w":8,"_row":"V817"},{"V1":14,"V2":9,"type":3,"w":6,"_row":"V920"},{"V1":14,"V2":10,"type":3,"w":7,"_row":"V1019"},{"V1":14,"V2":11,"type":3,"w":5,"_row":"V1122"},{"V1":14,"V2":12,"type":3,"w":7,"_row":"V1217"},{"V1":14,"V2":13,"type":3,"w":10,"_row":"V1322"},{"V1":14,"V2":15,"type":3,"w":13,"_row":"V1521"},{"V1":15,"V2":1,"type":3,"w":8,"_row":"V164"},{"V1":15,"V2":2,"type":3,"w":11,"_row":"V215"},{"V1":15,"V2":3,"type":3,"w":12,"_row":"V314"},{"V1":15,"V2":4,"type":3,"w":10,"_row":"V416"},{"V1":15,"V2":5,"type":3,"w":10,"_row":"V516"},{"V1":15,"V2":6,"type":3,"w":11,"_row":"V618"},{"V1":15,"V2":7,"type":3,"w":10,"_row":"V716"},{"V1":15,"V2":8,"type":3,"w":12,"_row":"V818"},{"V1":15,"V2":9,"type":3,"w":10,"_row":"V921"},{"V1":15,"V2":10,"type":3,"w":10,"_row":"V1020"},{"V1":15,"V2":11,"type":3,"w":11,"_row":"V1123"},{"V1":15,"V2":12,"type":3,"w":7,"_row":"V1218"},{"V1":15,"V2":13,"type":3,"w":14,"_row":"V1323"},{"V1":15,"V2":14,"type":3,"w":13,"_row":"V1424"},{"V1":1,"V2":2,"type":4,"w":19,"_row":"V216"},{"V1":1,"V2":3,"type":4,"w":51,"_row":"V315"},{"V1":1,"V2":4,"type":4,"w":44,"_row":"V417"},{"V1":1,"V2":5,"type":4,"w":60,"_row":"V517"},{"V1":1,"V2":6,"type":4,"w":37,"_row":"V619"},{"V1":1,"V2":7,"type":4,"w":57,"_row":"V717"},{"V1":1,"V2":8,"type":4,"w":32,"_row":"V819"},{"V1":1,"V2":9,"type":4,"w":26,"_row":"V922"},{"V1":1,"V2":10,"type":4,"w":35,"_row":"V1021"},{"V1":1,"V2":11,"type":4,"w":43,"_row":"V1124"},{"V1":1,"V2":12,"type":4,"w":44,"_row":"V1219"},{"V1":1,"V2":13,"type":4,"w":38,"_row":"V1324"},{"V1":1,"V2":14,"type":4,"w":51,"_row":"V1425"},{"V1":1,"V2":15,"type":4,"w":24,"_row":"V1522"},{"V1":2,"V2":1,"type":4,"w":19,"_row":"V165"},{"V1":2,"V2":3,"type":4,"w":22,"_row":"V316"},{"V1":2,"V2":4,"type":4,"w":26,"_row":"V418"},{"V1":2,"V2":5,"type":4,"w":24,"_row":"V518"},{"V1":2,"V2":6,"type":4,"w":28,"_row":"V620"},{"V1":2,"V2":7,"type":4,"w":28,"_row":"V718"},{"V1":2,"V2":8,"type":4,"w":24,"_row":"V820"},{"V1":2,"V2":9,"type":4,"w":23,"_row":"V923"},{"V1":2,"V2":10,"type":4,"w":21,"_row":"V1022"},{"V1":2,"V2":11,"type":4,"w":31,"_row":"V1125"},{"V1":2,"V2":12,"type":4,"w":23,"_row":"V1220"},{"V1":2,"V2":13,"type":4,"w":18,"_row":"V1325"},{"V1":2,"V2":14,"type":4,"w":27,"_row":"V1426"},{"V1":2,"V2":15,"type":4,"w":24,"_row":"V1523"},{"V1":3,"V2":1,"type":4,"w":51,"_row":"V166"},{"V1":3,"V2":2,"type":4,"w":22,"_row":"V217"},{"V1":3,"V2":4,"type":4,"w":43,"_row":"V419"},{"V1":3,"V2":5,"type":4,"w":48,"_row":"V519"},{"V1":3,"V2":6,"type":4,"w":27,"_row":"V621"},{"V1":3,"V2":7,"type":4,"w":47,"_row":"V719"},{"V1":3,"V2":8,"type":4,"w":29,"_row":"V821"},{"V1":3,"V2":9,"type":4,"w":30,"_row":"V924"},{"V1":3,"V2":10,"type":4,"w":41,"_row":"V1023"},{"V1":3,"V2":11,"type":4,"w":44,"_row":"V1126"},{"V1":3,"V2":12,"type":4,"w":42,"_row":"V1221"},{"V1":3,"V2":13,"type":4,"w":25,"_row":"V1326"},{"V1":3,"V2":14,"type":4,"w":40,"_row":"V1427"},{"V1":3,"V2":15,"type":4,"w":28,"_row":"V1524"},{"V1":4,"V2":1,"type":4,"w":44,"_row":"V167"},{"V1":4,"V2":2,"type":4,"w":26,"_row":"V218"},{"V1":4,"V2":3,"type":4,"w":43,"_row":"V317"},{"V1":4,"V2":5,"type":4,"w":69,"_row":"V520"},{"V1":4,"V2":6,"type":4,"w":58,"_row":"V622"},{"V1":4,"V2":7,"type":4,"w":57,"_row":"V720"},{"V1":4,"V2":8,"type":4,"w":46,"_row":"V822"},{"V1":4,"V2":9,"type":4,"w":35,"_row":"V925"},{"V1":4,"V2":10,"type":4,"w":45,"_row":"V1024"},{"V1":4,"V2":11,"type":4,"w":58,"_row":"V1127"},{"V1":4,"V2":12,"type":4,"w":43,"_row":"V1222"},{"V1":4,"V2":13,"type":4,"w":32,"_row":"V1327"},{"V1":4,"V2":14,"type":4,"w":39,"_row":"V1428"},{"V1":4,"V2":15,"type":4,"w":26,"_row":"V1525"},{"V1":5,"V2":1,"type":4,"w":60,"_row":"V168"},{"V1":5,"V2":2,"type":4,"w":24,"_row":"V219"},{"V1":5,"V2":3,"type":4,"w":48,"_row":"V318"},{"V1":5,"V2":4,"type":4,"w":69,"_row":"V420"},{"V1":5,"V2":6,"type":4,"w":67,"_row":"V623"},{"V1":5,"V2":7,"type":4,"w":71,"_row":"V721"},{"V1":5,"V2":8,"type":4,"w":46,"_row":"V823"},{"V1":5,"V2":9,"type":4,"w":47,"_row":"V926"},{"V1":5,"V2":10,"type":4,"w":45,"_row":"V1025"},{"V1":5,"V2":11,"type":4,"w":57,"_row":"V1128"},{"V1":5,"V2":12,"type":4,"w":43,"_row":"V1223"},{"V1":5,"V2":13,"type":4,"w":30,"_row":"V1328"},{"V1":5,"V2":14,"type":4,"w":63,"_row":"V1429"},{"V1":5,"V2":15,"type":4,"w":43,"_row":"V1526"},{"V1":6,"V2":1,"type":4,"w":37,"_row":"V169"},{"V1":6,"V2":2,"type":4,"w":28,"_row":"V220"},{"V1":6,"V2":3,"type":4,"w":27,"_row":"V319"},{"V1":6,"V2":4,"type":4,"w":58,"_row":"V421"},{"V1":6,"V2":5,"type":4,"w":67,"_row":"V521"},{"V1":6,"V2":7,"type":4,"w":67,"_row":"V722"},{"V1":6,"V2":8,"type":4,"w":51,"_row":"V824"},{"V1":6,"V2":9,"type":4,"w":48,"_row":"V927"},{"V1":6,"V2":10,"type":4,"w":45,"_row":"V1026"},{"V1":6,"V2":11,"type":4,"w":52,"_row":"V1129"},{"V1":6,"V2":12,"type":4,"w":42,"_row":"V1224"},{"V1":6,"V2":13,"type":4,"w":33,"_row":"V1329"},{"V1":6,"V2":14,"type":4,"w":60,"_row":"V1430"},{"V1":6,"V2":15,"type":4,"w":30,"_row":"V1527"},{"V1":7,"V2":1,"type":4,"w":57,"_row":"V170"},{"V1":7,"V2":2,"type":4,"w":28,"_row":"V221"},{"V1":7,"V2":3,"type":4,"w":47,"_row":"V320"},{"V1":7,"V2":4,"type":4,"w":57,"_row":"V422"},{"V1":7,"V2":5,"type":4,"w":71,"_row":"V522"},{"V1":7,"V2":6,"type":4,"w":67,"_row":"V624"},{"V1":7,"V2":8,"type":4,"w":52,"_row":"V825"},{"V1":7,"V2":9,"type":4,"w":39,"_row":"V928"},{"V1":7,"V2":10,"type":4,"w":59,"_row":"V1027"},{"V1":7,"V2":11,"type":4,"w":66,"_row":"V1130"},{"V1":7,"V2":12,"type":4,"w":52,"_row":"V1225"},{"V1":7,"V2":13,"type":4,"w":41,"_row":"V1330"},{"V1":7,"V2":14,"type":4,"w":71,"_row":"V1431"},{"V1":7,"V2":15,"type":4,"w":52,"_row":"V1528"},{"V1":8,"V2":1,"type":4,"w":32,"_row":"V171"},{"V1":8,"V2":2,"type":4,"w":24,"_row":"V222"},{"V1":8,"V2":3,"type":4,"w":29,"_row":"V321"},{"V1":8,"V2":4,"type":4,"w":46,"_row":"V423"},{"V1":8,"V2":5,"type":4,"w":46,"_row":"V523"},{"V1":8,"V2":6,"type":4,"w":51,"_row":"V625"},{"V1":8,"V2":7,"type":4,"w":52,"_row":"V723"},{"V1":8,"V2":9,"type":4,"w":45,"_row":"V929"},{"V1":8,"V2":10,"type":4,"w":47,"_row":"V1028"},{"V1":8,"V2":11,"type":4,"w":53,"_row":"V1131"},{"V1":8,"V2":12,"type":4,"w":48,"_row":"V1226"},{"V1":8,"V2":13,"type":4,"w":34,"_row":"V1331"},{"V1":8,"V2":14,"type":4,"w":55,"_row":"V1432"},{"V1":8,"V2":15,"type":4,"w":45,"_row":"V1529"},{"V1":9,"V2":1,"type":4,"w":26,"_row":"V172"},{"V1":9,"V2":2,"type":4,"w":23,"_row":"V223"},{"V1":9,"V2":3,"type":4,"w":30,"_row":"V322"},{"V1":9,"V2":4,"type":4,"w":35,"_row":"V424"},{"V1":9,"V2":5,"type":4,"w":47,"_row":"V524"},{"V1":9,"V2":6,"type":4,"w":48,"_row":"V626"},{"V1":9,"V2":7,"type":4,"w":39,"_row":"V724"},{"V1":9,"V2":8,"type":4,"w":45,"_row":"V826"},{"V1":9,"V2":10,"type":4,"w":34,"_row":"V1029"},{"V1":9,"V2":11,"type":4,"w":47,"_row":"V1132"},{"V1":9,"V2":12,"type":4,"w":35,"_row":"V1227"},{"V1":9,"V2":13,"type":4,"w":26,"_row":"V1332"},{"V1":9,"V2":14,"type":4,"w":35,"_row":"V1433"},{"V1":9,"V2":15,"type":4,"w":22,"_row":"V1530"},{"V1":10,"V2":1,"type":4,"w":35,"_row":"V173"},{"V1":10,"V2":2,"type":4,"w":21,"_row":"V224"},{"V1":10,"V2":3,"type":4,"w":41,"_row":"V323"},{"V1":10,"V2":4,"type":4,"w":45,"_row":"V425"},{"V1":10,"V2":5,"type":4,"w":45,"_row":"V525"},{"V1":10,"V2":6,"type":4,"w":45,"_row":"V627"},{"V1":10,"V2":7,"type":4,"w":59,"_row":"V725"},{"V1":10,"V2":8,"type":4,"w":47,"_row":"V827"},{"V1":10,"V2":9,"type":4,"w":34,"_row":"V930"},{"V1":10,"V2":11,"type":4,"w":52,"_row":"V1133"},{"V1":10,"V2":12,"type":4,"w":46,"_row":"V1228"},{"V1":10,"V2":13,"type":4,"w":54,"_row":"V1333"},{"V1":10,"V2":14,"type":4,"w":63,"_row":"V1434"},{"V1":10,"V2":15,"type":4,"w":49,"_row":"V1531"},{"V1":11,"V2":1,"type":4,"w":43,"_row":"V174"},{"V1":11,"V2":2,"type":4,"w":31,"_row":"V225"},{"V1":11,"V2":3,"type":4,"w":44,"_row":"V324"},{"V1":11,"V2":4,"type":4,"w":58,"_row":"V426"},{"V1":11,"V2":5,"type":4,"w":57,"_row":"V526"},{"V1":11,"V2":6,"type":4,"w":52,"_row":"V628"},{"V1":11,"V2":7,"type":4,"w":66,"_row":"V726"},{"V1":11,"V2":8,"type":4,"w":53,"_row":"V828"},{"V1":11,"V2":9,"type":4,"w":47,"_row":"V931"},{"V1":11,"V2":10,"type":4,"w":52,"_row":"V1030"},{"V1":11,"V2":12,"type":4,"w":55,"_row":"V1229"},{"V1":11,"V2":13,"type":4,"w":34,"_row":"V1334"},{"V1":11,"V2":14,"type":4,"w":61,"_row":"V1435"},{"V1":11,"V2":15,"type":4,"w":45,"_row":"V1532"},{"V1":12,"V2":1,"type":4,"w":44,"_row":"V175"},{"V1":12,"V2":2,"type":4,"w":23,"_row":"V226"},{"V1":12,"V2":3,"type":4,"w":42,"_row":"V325"},{"V1":12,"V2":4,"type":4,"w":43,"_row":"V427"},{"V1":12,"V2":5,"type":4,"w":43,"_row":"V527"},{"V1":12,"V2":6,"type":4,"w":42,"_row":"V629"},{"V1":12,"V2":7,"type":4,"w":52,"_row":"V727"},{"V1":12,"V2":8,"type":4,"w":48,"_row":"V829"},{"V1":12,"V2":9,"type":4,"w":35,"_row":"V932"},{"V1":12,"V2":10,"type":4,"w":46,"_row":"V1031"},{"V1":12,"V2":11,"type":4,"w":55,"_row":"V1134"},{"V1":12,"V2":13,"type":4,"w":25,"_row":"V1335"},{"V1":12,"V2":14,"type":4,"w":51,"_row":"V1436"},{"V1":12,"V2":15,"type":4,"w":36,"_row":"V1533"},{"V1":13,"V2":1,"type":4,"w":38,"_row":"V176"},{"V1":13,"V2":2,"type":4,"w":18,"_row":"V227"},{"V1":13,"V2":3,"type":4,"w":25,"_row":"V326"},{"V1":13,"V2":4,"type":4,"w":32,"_row":"V428"},{"V1":13,"V2":5,"type":4,"w":30,"_row":"V528"},{"V1":13,"V2":6,"type":4,"w":33,"_row":"V630"},{"V1":13,"V2":7,"type":4,"w":41,"_row":"V728"},{"V1":13,"V2":8,"type":4,"w":34,"_row":"V830"},{"V1":13,"V2":9,"type":4,"w":26,"_row":"V933"},{"V1":13,"V2":10,"type":4,"w":54,"_row":"V1032"},{"V1":13,"V2":11,"type":4,"w":34,"_row":"V1135"},{"V1":13,"V2":12,"type":4,"w":25,"_row":"V1230"},{"V1":13,"V2":14,"type":4,"w":38,"_row":"V1437"},{"V1":13,"V2":15,"type":4,"w":34,"_row":"V1534"},{"V1":14,"V2":1,"type":4,"w":51,"_row":"V177"},{"V1":14,"V2":2,"type":4,"w":27,"_row":"V228"},{"V1":14,"V2":3,"type":4,"w":40,"_row":"V327"},{"V1":14,"V2":4,"type":4,"w":39,"_row":"V429"},{"V1":14,"V2":5,"type":4,"w":63,"_row":"V529"},{"V1":14,"V2":6,"type":4,"w":60,"_row":"V631"},{"V1":14,"V2":7,"type":4,"w":71,"_row":"V729"},{"V1":14,"V2":8,"type":4,"w":55,"_row":"V831"},{"V1":14,"V2":9,"type":4,"w":35,"_row":"V934"},{"V1":14,"V2":10,"type":4,"w":63,"_row":"V1033"},{"V1":14,"V2":11,"type":4,"w":61,"_row":"V1136"},{"V1":14,"V2":12,"type":4,"w":51,"_row":"V1231"},{"V1":14,"V2":13,"type":4,"w":38,"_row":"V1336"},{"V1":14,"V2":15,"type":4,"w":46,"_row":"V1535"},{"V1":15,"V2":1,"type":4,"w":24,"_row":"V178"},{"V1":15,"V2":2,"type":4,"w":24,"_row":"V229"},{"V1":15,"V2":3,"type":4,"w":28,"_row":"V328"},{"V1":15,"V2":4,"type":4,"w":26,"_row":"V430"},{"V1":15,"V2":5,"type":4,"w":43,"_row":"V530"},{"V1":15,"V2":6,"type":4,"w":30,"_row":"V632"},{"V1":15,"V2":7,"type":4,"w":52,"_row":"V730"},{"V1":15,"V2":8,"type":4,"w":45,"_row":"V832"},{"V1":15,"V2":9,"type":4,"w":22,"_row":"V935"},{"V1":15,"V2":10,"type":4,"w":49,"_row":"V1034"},{"V1":15,"V2":11,"type":4,"w":45,"_row":"V1137"},{"V1":15,"V2":12,"type":4,"w":36,"_row":"V1232"},{"V1":15,"V2":13,"type":4,"w":34,"_row":"V1337"},{"V1":15,"V2":14,"type":4,"w":46,"_row":"V1438"},{"V1":1,"V2":3,"type":5,"w":1,"_row":"V329"},{"V1":1,"V2":15,"type":5,"w":1,"_row":"V1536"},{"V1":3,"V2":1,"type":5,"w":1,"_row":"V179"},{"V1":3,"V2":5,"type":5,"w":1,"_row":"V531"},{"V1":3,"V2":12,"type":5,"w":1,"_row":"V1233"},{"V1":3,"V2":13,"type":5,"w":1,"_row":"V1338"},{"V1":3,"V2":15,"type":5,"w":1,"_row":"V1537"},{"V1":4,"V2":5,"type":5,"w":7,"_row":"V532"},{"V1":4,"V2":6,"type":5,"w":8,"_row":"V633"},{"V1":4,"V2":7,"type":5,"w":4,"_row":"V731"},{"V1":4,"V2":8,"type":5,"w":9,"_row":"V833"},{"V1":4,"V2":9,"type":5,"w":11,"_row":"V936"},{"V1":4,"V2":10,"type":5,"w":5,"_row":"V1035"},{"V1":4,"V2":11,"type":5,"w":5,"_row":"V1138"},{"V1":4,"V2":12,"type":5,"w":4,"_row":"V1234"},{"V1":4,"V2":13,"type":5,"w":5,"_row":"V1339"},{"V1":4,"V2":14,"type":5,"w":1,"_row":"V1439"},{"V1":4,"V2":15,"type":5,"w":3,"_row":"V1538"},{"V1":5,"V2":3,"type":5,"w":1,"_row":"V330"},{"V1":5,"V2":4,"type":5,"w":7,"_row":"V431"},{"V1":5,"V2":6,"type":5,"w":14,"_row":"V634"},{"V1":5,"V2":7,"type":5,"w":9,"_row":"V732"},{"V1":5,"V2":8,"type":5,"w":4,"_row":"V834"},{"V1":5,"V2":9,"type":5,"w":10,"_row":"V937"},{"V1":5,"V2":10,"type":5,"w":5,"_row":"V1036"},{"V1":5,"V2":11,"type":5,"w":6,"_row":"V1139"},{"V1":5,"V2":12,"type":5,"w":5,"_row":"V1235"},{"V1":5,"V2":13,"type":5,"w":3,"_row":"V1340"},{"V1":5,"V2":14,"type":5,"w":6,"_row":"V1440"},{"V1":5,"V2":15,"type":5,"w":3,"_row":"V1539"},{"V1":6,"V2":4,"type":5,"w":8,"_row":"V432"},{"V1":6,"V2":5,"type":5,"w":14,"_row":"V533"},{"V1":6,"V2":7,"type":5,"w":7,"_row":"V733"},{"V1":6,"V2":8,"type":5,"w":7,"_row":"V835"},{"V1":6,"V2":9,"type":5,"w":12,"_row":"V938"},{"V1":6,"V2":10,"type":5,"w":6,"_row":"V1037"},{"V1":6,"V2":11,"type":5,"w":8,"_row":"V1140"},{"V1":6,"V2":12,"type":5,"w":4,"_row":"V1236"},{"V1":6,"V2":13,"type":5,"w":8,"_row":"V1341"},{"V1":6,"V2":14,"type":5,"w":6,"_row":"V1441"},{"V1":6,"V2":15,"type":5,"w":4,"_row":"V1540"},{"V1":7,"V2":4,"type":5,"w":4,"_row":"V433"},{"V1":7,"V2":5,"type":5,"w":9,"_row":"V534"},{"V1":7,"V2":6,"type":5,"w":7,"_row":"V635"},{"V1":7,"V2":8,"type":5,"w":2,"_row":"V836"},{"V1":7,"V2":9,"type":5,"w":2,"_row":"V939"},{"V1":7,"V2":10,"type":5,"w":5,"_row":"V1038"},{"V1":7,"V2":11,"type":5,"w":6,"_row":"V1141"},{"V1":7,"V2":12,"type":5,"w":5,"_row":"V1237"},{"V1":7,"V2":13,"type":5,"w":2,"_row":"V1342"},{"V1":7,"V2":14,"type":5,"w":5,"_row":"V1442"},{"V1":7,"V2":15,"type":5,"w":3,"_row":"V1541"},{"V1":8,"V2":4,"type":5,"w":9,"_row":"V434"},{"V1":8,"V2":5,"type":5,"w":4,"_row":"V535"},{"V1":8,"V2":6,"type":5,"w":7,"_row":"V636"},{"V1":8,"V2":7,"type":5,"w":2,"_row":"V734"},{"V1":8,"V2":9,"type":5,"w":14,"_row":"V940"},{"V1":8,"V2":10,"type":5,"w":5,"_row":"V1039"},{"V1":8,"V2":11,"type":5,"w":5,"_row":"V1142"},{"V1":8,"V2":12,"type":5,"w":5,"_row":"V1238"},{"V1":8,"V2":13,"type":5,"w":5,"_row":"V1343"},{"V1":8,"V2":14,"type":5,"w":2,"_row":"V1443"},{"V1":8,"V2":15,"type":5,"w":4,"_row":"V1542"},{"V1":9,"V2":4,"type":5,"w":11,"_row":"V435"},{"V1":9,"V2":5,"type":5,"w":10,"_row":"V536"},{"V1":9,"V2":6,"type":5,"w":12,"_row":"V637"},{"V1":9,"V2":7,"type":5,"w":2,"_row":"V735"},{"V1":9,"V2":8,"type":5,"w":14,"_row":"V837"},{"V1":9,"V2":10,"type":5,"w":6,"_row":"V1040"},{"V1":9,"V2":11,"type":5,"w":8,"_row":"V1143"},{"V1":9,"V2":12,"type":5,"w":11,"_row":"V1239"},{"V1":9,"V2":13,"type":5,"w":10,"_row":"V1344"},{"V1":9,"V2":14,"type":5,"w":6,"_row":"V1444"},{"V1":9,"V2":15,"type":5,"w":5,"_row":"V1543"},{"V1":10,"V2":4,"type":5,"w":5,"_row":"V436"},{"V1":10,"V2":5,"type":5,"w":5,"_row":"V537"},{"V1":10,"V2":6,"type":5,"w":6,"_row":"V638"},{"V1":10,"V2":7,"type":5,"w":5,"_row":"V736"},{"V1":10,"V2":8,"type":5,"w":5,"_row":"V838"},{"V1":10,"V2":9,"type":5,"w":6,"_row":"V941"},{"V1":10,"V2":11,"type":5,"w":5,"_row":"V1144"},{"V1":10,"V2":12,"type":5,"w":6,"_row":"V1240"},{"V1":10,"V2":13,"type":5,"w":5,"_row":"V1345"},{"V1":10,"V2":14,"type":5,"w":4,"_row":"V1445"},{"V1":10,"V2":15,"type":5,"w":3,"_row":"V1544"},{"V1":11,"V2":4,"type":5,"w":5,"_row":"V437"},{"V1":11,"V2":5,"type":5,"w":6,"_row":"V538"},{"V1":11,"V2":6,"type":5,"w":8,"_row":"V639"},{"V1":11,"V2":7,"type":5,"w":6,"_row":"V737"},{"V1":11,"V2":8,"type":5,"w":5,"_row":"V839"},{"V1":11,"V2":9,"type":5,"w":8,"_row":"V942"},{"V1":11,"V2":10,"type":5,"w":5,"_row":"V1041"},{"V1":11,"V2":12,"type":5,"w":5,"_row":"V1241"},{"V1":11,"V2":13,"type":5,"w":1,"_row":"V1346"},{"V1":11,"V2":14,"type":5,"w":3,"_row":"V1446"},{"V1":11,"V2":15,"type":5,"w":3,"_row":"V1545"},{"V1":12,"V2":3,"type":5,"w":1,"_row":"V331"},{"V1":12,"V2":4,"type":5,"w":4,"_row":"V438"},{"V1":12,"V2":5,"type":5,"w":5,"_row":"V539"},{"V1":12,"V2":6,"type":5,"w":4,"_row":"V640"},{"V1":12,"V2":7,"type":5,"w":5,"_row":"V738"},{"V1":12,"V2":8,"type":5,"w":5,"_row":"V840"},{"V1":12,"V2":9,"type":5,"w":11,"_row":"V943"},{"V1":12,"V2":10,"type":5,"w":6,"_row":"V1042"},{"V1":12,"V2":11,"type":5,"w":5,"_row":"V1145"},{"V1":12,"V2":13,"type":5,"w":7,"_row":"V1347"},{"V1":12,"V2":14,"type":5,"w":5,"_row":"V1447"},{"V1":12,"V2":15,"type":5,"w":5,"_row":"V1546"},{"V1":13,"V2":3,"type":5,"w":1,"_row":"V332"},{"V1":13,"V2":4,"type":5,"w":5,"_row":"V439"},{"V1":13,"V2":5,"type":5,"w":3,"_row":"V540"},{"V1":13,"V2":6,"type":5,"w":8,"_row":"V641"},{"V1":13,"V2":7,"type":5,"w":2,"_row":"V739"},{"V1":13,"V2":8,"type":5,"w":5,"_row":"V841"},{"V1":13,"V2":9,"type":5,"w":10,"_row":"V944"},{"V1":13,"V2":10,"type":5,"w":5,"_row":"V1043"},{"V1":13,"V2":11,"type":5,"w":1,"_row":"V1146"},{"V1":13,"V2":12,"type":5,"w":7,"_row":"V1242"},{"V1":13,"V2":14,"type":5,"w":8,"_row":"V1448"},{"V1":13,"V2":15,"type":5,"w":6,"_row":"V1547"},{"V1":14,"V2":4,"type":5,"w":1,"_row":"V440"},{"V1":14,"V2":5,"type":5,"w":6,"_row":"V541"},{"V1":14,"V2":6,"type":5,"w":6,"_row":"V642"},{"V1":14,"V2":7,"type":5,"w":5,"_row":"V740"},{"V1":14,"V2":8,"type":5,"w":2,"_row":"V842"},{"V1":14,"V2":9,"type":5,"w":6,"_row":"V945"},{"V1":14,"V2":10,"type":5,"w":4,"_row":"V1044"},{"V1":14,"V2":11,"type":5,"w":3,"_row":"V1147"},{"V1":14,"V2":12,"type":5,"w":5,"_row":"V1243"},{"V1":14,"V2":13,"type":5,"w":8,"_row":"V1348"},{"V1":14,"V2":15,"type":5,"w":3,"_row":"V1548"},{"V1":15,"V2":1,"type":5,"w":1,"_row":"V180"},{"V1":15,"V2":3,"type":5,"w":1,"_row":"V333"},{"V1":15,"V2":4,"type":5,"w":3,"_row":"V441"},{"V1":15,"V2":5,"type":5,"w":3,"_row":"V542"},{"V1":15,"V2":6,"type":5,"w":4,"_row":"V643"},{"V1":15,"V2":7,"type":5,"w":3,"_row":"V741"},{"V1":15,"V2":8,"type":5,"w":4,"_row":"V843"},{"V1":15,"V2":9,"type":5,"w":5,"_row":"V946"},{"V1":15,"V2":10,"type":5,"w":3,"_row":"V1045"},{"V1":15,"V2":11,"type":5,"w":3,"_row":"V1148"},{"V1":15,"V2":12,"type":5,"w":5,"_row":"V1244"},{"V1":15,"V2":13,"type":5,"w":6,"_row":"V1349"},{"V1":15,"V2":14,"type":5,"w":3,"_row":"V1449"},{"V1":1,"V2":3,"type":6,"w":2,"_row":"V334"},{"V1":1,"V2":4,"type":6,"w":1,"_row":"V442"},{"V1":1,"V2":5,"type":6,"w":1,"_row":"V543"},{"V1":1,"V2":15,"type":6,"w":1,"_row":"V1549"},{"V1":3,"V2":1,"type":6,"w":1,"_row":"V181"},{"V1":3,"V2":4,"type":6,"w":1,"_row":"V443"},{"V1":3,"V2":5,"type":6,"w":1,"_row":"V544"},{"V1":3,"V2":15,"type":6,"w":1,"_row":"V1550"},{"V1":4,"V2":1,"type":6,"w":1,"_row":"V182"},{"V1":4,"V2":6,"type":6,"w":1,"_row":"V644"},{"V1":4,"V2":7,"type":6,"w":1,"_row":"V742"},{"V1":5,"V2":2,"type":6,"w":2,"_row":"V230"},{"V1":5,"V2":3,"type":6,"w":1,"_row":"V335"},{"V1":5,"V2":4,"type":6,"w":5,"_row":"V444"},{"V1":5,"V2":11,"type":6,"w":1,"_row":"V1149"},{"V1":5,"V2":13,"type":6,"w":1,"_row":"V1350"},{"V1":6,"V2":3,"type":6,"w":3,"_row":"V336"},{"V1":6,"V2":7,"type":6,"w":1,"_row":"V743"},{"V1":6,"V2":9,"type":6,"w":3,"_row":"V947"},{"V1":6,"V2":14,"type":6,"w":2,"_row":"V1450"},{"V1":6,"V2":15,"type":6,"w":2,"_row":"V1551"},{"V1":7,"V2":3,"type":6,"w":3,"_row":"V337"},{"V1":7,"V2":4,"type":6,"w":2,"_row":"V445"},{"V1":7,"V2":5,"type":6,"w":1,"_row":"V545"},{"V1":7,"V2":6,"type":6,"w":2,"_row":"V645"},{"V1":7,"V2":8,"type":6,"w":1,"_row":"V844"},{"V1":7,"V2":10,"type":6,"w":2,"_row":"V1046"},{"V1":7,"V2":11,"type":6,"w":2,"_row":"V1150"},{"V1":7,"V2":13,"type":6,"w":1,"_row":"V1351"},{"V1":7,"V2":14,"type":6,"w":3,"_row":"V1451"},{"V1":8,"V2":1,"type":6,"w":1,"_row":"V183"},{"V1":8,"V2":10,"type":6,"w":2,"_row":"V1047"},{"V1":8,"V2":11,"type":6,"w":1,"_row":"V1151"},{"V1":8,"V2":15,"type":6,"w":1,"_row":"V1552"},{"V1":9,"V2":1,"type":6,"w":2,"_row":"V184"},{"V1":9,"V2":4,"type":6,"w":2,"_row":"V446"},{"V1":9,"V2":5,"type":6,"w":3,"_row":"V546"},{"V1":9,"V2":6,"type":6,"w":1,"_row":"V646"},{"V1":9,"V2":11,"type":6,"w":1,"_row":"V1152"},{"V1":9,"V2":12,"type":6,"w":1,"_row":"V1245"},{"V1":9,"V2":13,"type":6,"w":1,"_row":"V1352"},{"V1":9,"V2":15,"type":6,"w":1,"_row":"V1553"},{"V1":10,"V2":1,"type":6,"w":1,"_row":"V185"},{"V1":10,"V2":4,"type":6,"w":1,"_row":"V447"},{"V1":10,"V2":5,"type":6,"w":4,"_row":"V547"},{"V1":10,"V2":12,"type":6,"w":1,"_row":"V1246"},{"V1":10,"V2":13,"type":6,"w":1,"_row":"V1353"},{"V1":11,"V2":1,"type":6,"w":4,"_row":"V186"},{"V1":11,"V2":5,"type":6,"w":1,"_row":"V548"},{"V1":11,"V2":9,"type":6,"w":3,"_row":"V948"},{"V1":11,"V2":10,"type":6,"w":1,"_row":"V1048"},{"V1":11,"V2":11,"type":6,"w":1,"_row":"V1153"},{"V1":11,"V2":12,"type":6,"w":2,"_row":"V1247"},{"V1":11,"V2":13,"type":6,"w":1,"_row":"V1354"},{"V1":11,"V2":14,"type":6,"w":4,"_row":"V1452"},{"V1":12,"V2":1,"type":6,"w":4,"_row":"V187"},{"V1":12,"V2":3,"type":6,"w":1,"_row":"V338"},{"V1":12,"V2":4,"type":6,"w":1,"_row":"V448"},{"V1":12,"V2":11,"type":6,"w":1,"_row":"V1154"},{"V1":12,"V2":14,"type":6,"w":3,"_row":"V1453"},{"V1":13,"V2":1,"type":6,"w":1,"_row":"V188"},{"V1":13,"V2":3,"type":6,"w":1,"_row":"V339"},{"V1":13,"V2":8,"type":6,"w":1,"_row":"V845"},{"V1":13,"V2":9,"type":6,"w":1,"_row":"V949"},{"V1":13,"V2":15,"type":6,"w":1,"_row":"V1554"},{"V1":14,"V2":1,"type":6,"w":11,"_row":"V189"},{"V1":14,"V2":2,"type":6,"w":2,"_row":"V231"},{"V1":14,"V2":3,"type":6,"w":4,"_row":"V340"},{"V1":14,"V2":4,"type":6,"w":1,"_row":"V449"},{"V1":14,"V2":5,"type":6,"w":4,"_row":"V549"},{"V1":14,"V2":6,"type":6,"w":6,"_row":"V647"},{"V1":14,"V2":9,"type":6,"w":2,"_row":"V950"},{"V1":14,"V2":11,"type":6,"w":1,"_row":"V1155"},{"V1":14,"V2":15,"type":6,"w":1,"_row":"V1555"},{"V1":15,"V2":5,"type":6,"w":1,"_row":"V550"},{"V1":15,"V2":12,"type":6,"w":1,"_row":"V1248"}],"data":[]}
